Source/Domain,Link,Research topic,Specific Claim,Method,Document Structure,Terminology,Application/Motivation,Comparison,Exclusion Criteria,Result/ Finding,Dataset,Present,Graph Type,Structural,Semantic Details,Temporal Encounter,Academic Activity,Physical Relation,Uncertainty,Previous Search,Failed Recall,Social,Emotion/ Frustration
Reddit / r/academia,https://www.reddit.com/r/academia/comments/1g0nxsq,x,,x,,,x,x,,,,x,x,x,x,x,x,,x,x,x,x,x
Psychology & Neuroscience SE,https://psychology.stackexchange.com/questions/621/what-is-the-study-with-the-dual-task-experiment-that-involved-a-colour-wheel-cha,x,,x,,,x,,,x,,x,x,x,x,x,,,x,x,x,,
Physics Stack Exchange,https://physics.stackexchange.com/questions/827521/looking-for-a-paper-on-evaluating-integral-over-haar-ensemble,x,,x,x,x,,,,,,x,x,x,,,,,,x,,x,
Academia Stack Exchange,https://academia.stackexchange.com/questions/20387/world-map-with-academic-works-graded-by-relevance,,,,,,,,,x,,x,x,x,x,,,,,x,,x,
ALA / academic-library discussion,https://connect.ala.org/acrl/discussion/databases-that-work-for-systematic-reviews,x,,,,,x,x,,,x,x,x,,x,,,,,,,x,
CS Stack Exchange,https://cs.stackexchange.com/questions/110004/list-of-major-open-problems-in-computational-complexity-and-their-likelihood,x,x,,x,x,,x,x,,,x,x,,x,,,x,x,x,,,
Quantum Computing SE,https://quantumcomputing.stackexchange.com/questions/8232/paper-concerning-distributing-quantum-computation-on-many-small-quantum-computer,x,x,x,,x,,,x,,,,,,,,,x,x,x,,,
Biology Stack Exchange,https://biology.stackexchange.com/questions/107381/is-there-a-term-for-fixation-or-loss-of-an-allele,x,,,,x,,,,,,,,,,,,,,x,,,x
MathOverflow,https://mathoverflow.net/questions/151692/the-mathematics-of-tavern-puzzles,x,x,,,,x,,,x,,,,,,x,,x,,x,,,
MathOverflow,https://mathoverflow.net/questions/79704/is-there-a-fair-coin,x,x,x,,,,,,,,,,,,x,x,x,x,x,x,x,
MathOverflow,https://mathoverflow.net/questions/62689/a-sea-side-town-where-every-house-can-see-the-sea,x,x,,,x,,,,,,,,,,x,x,x,x,,,x,x
Reddit / r/psychologystudents,https://www.reddit.com/r/psychologystudents/comments/1csv3b2,x,x,x,,,,x,,,x,,,,,,x,x,x,,,x,
AI Stack Exchange,https://ai.stackexchange.com/questions/26329/what-is-the-paper-that-states-that-humans-incorrectly-trust-the-incorrect-explan,x,x,x,x,x,x,,,x,x,,,,,,,,,x,x,x,x
Physics Stack Exchange,https://physics.stackexchange.com/questions/243578/how-to-teach-learn-physics-reference-request,x,x,x,,,x,x,,,,,,,,,,,x,,,x,
ResearchGate,https://www.researchgate.net/post/Secretion-of-Cre-recombinase,x,x,,,x,,,,,,,,,,x,x,,x,x,,x,
ResearchGate,https://www.researchgate.net/post/Is-PEGylation-used-as-a-method-to-synthesize-lipid-vesicles,x,x,,,x,x,x,x,,,,,,,,,,x,x,,x,
ResearchGate,https://www.researchgate.net/post/Which_filters_can_be_used_in_retroviral_transduction_with_the_Phoenix_Eco_cell_line,x,x,x,,x,x,x,,x,,,,,,,x,x,x,x,,x,
Computer Science SE,https://cs.stackexchange.com/questions/83021/cannot-find-paper-all-k-nearest-neighbors-search-in-nlogn-using-distance-ind,x,x,x,,x,,,,,,,,,,,,,x,x,x,,x
Phys-L academic mailing list,https://www.phys-l.org/archives/2017/5_2017/msg00043.html,x,x,x,,x,x,x,,,x,,,,,x,,,,x,,x,
Physics Stack Exchange,https://physics.stackexchange.com/questions/824600/reference-request-physics-as-integrals-of-the-form-int-fx-egx-dx,x,x,,,,,x,,,,,,,,x,,x,x,,,,
Physics Stack Exchange,https://physics.stackexchange.com/questions/233765/bohr-on-wholeness,x,x,,,x,,,x,,,,,,,,,x,x,x,,x,
Reddit / r/statistics,https://www.reddit.com/r/statistics/comments/j416kk,x,x,x,,x,x,,,x,x,,,,,x,x,x,x,x,,x,
Reddit / r/MachineLearning,https://www.reddit.com/r/MachineLearning/comments/ofs9i0,x,x,,,x,,,,,,,,,,x,,,x,,x,x,
Reddit / r/asklinguistics,https://www.reddit.com/r/asklinguistics/comments/1to610z/does_this_paper_exist/,x,x,,,,,,,x,x,,,,,,,,x,x,x,x,
Economics Stack Exchange,https://economics.stackexchange.com/questions/39217/a-special-case-of-difference-in-differences,x,x,x,,x,,x,,,x,,,,,,,,x,,x,,
Stack Overflow,https://stackoverflow.com/questions/2923685/looking-for-early-paper-about-compiling-object-oriented-code,x,x,x,,x,,x,,,,,,,,x,,,x,,,x,
Stack Overflow,https://stackoverflow.com/questions/1636098/what-do-you-call-a-spidering-technique-where-spider-visits-all-links-in-the-firs,x,,x,,x,x,,,,,,,,,,,,x,,x,,
MathOverflow,https://mathoverflow.net/questions/484712/reference-for-the-solution-of-this-optimization-problem-that-shows-up-in-linear,x,x,x,x,x,,x,,,,,,,,,,x,,x,,x,
MathOverflow,https://mathoverflow.net/questions/457144/when-are-homologous-embedded-surfaces-in-3-manifolds-related-by-embedded-cobordi,x,x,,,x,,,,,,,,,,,,,x,x,x,x,
MathOverflow,https://mathoverflow.net/questions/408737/permutations-of-a-group-that-are-eventually-left-translations,x,x,,,x,,x,x,,,,,,,x,,x,x,x,,x,
MathOverflow,https://mathoverflow.net/questions/218210/computations-in-modular-cohomology-of-finite-groups,x,x,,,x,,,,x,,,,,,,,,,x,x,,
MathOverflow,https://mathoverflow.net/questions/304198/approximation-property-counterexamples-also-relation-to-tensor-products,x,x,,,x,,x,,,,,,,,x,,,x,x,x,x,
AI Stack Exchange,https://ai.stackexchange.com/questions/2482/neural-networks-unmatched-on-mnist,x,x,,,,,x,,x,x,,,,,,,,x,,,,
MathOverflow,https://mathoverflow.net/questions/380499/reference-requestion-theorem-guaranteeing-self-embeddings-of-expansions-of-ma,x,x,,,x,,x,,,,,,,,,,x,x,x,,,
MathOverflow,https://mathoverflow.net/questions/236979/about-eigen-functions-of-the-gaussian-kernel,x,x,,,x,,x,,,,,,,,,,x,,,x,x,
MathOverflow,https://mathoverflow.net/questions/470853/action-of-complex-conjugation-on-etale-cohomology,x,x,,,x,,x,,,,,,,,,,,x,,,x,
Mathematics Stack Exchange,https://math.stackexchange.com/questions/4405910/bijection-h0-1-rightarrow-0-1-mathbbn,x,x,x,,x,,x,x,,,,,,,,,x,x,x,,x,
Mathematics Stack Exchange,https://math.stackexchange.com/questions/2175880/what-is-lim-t-to-0-frac-iat-1t-is-it-the-spectral-abscissa,x,,,,x,,x,,,,,,,,,,x,x,x,,x,
Mathematics Stack Exchange,https://math.stackexchange.com/questions/4309587/the-support-of-a-fourier-transform-of-a-function-in-the-positive-real-axis,x,x,,,x,,,,,,,,,,,,,x,,,x,
Mathematics Stack Exchange,https://math.stackexchange.com/questions/2834823/classical-logic-is-the-strongest-consistent-logical-system,x,x,,,x,,x,,,,,,,,,,,x,x,x,x,
Mathematics Stack Exchange,https://math.stackexchange.com/questions/561899/question-about-the-relation-between-the-skorohod-norm-and-the-uniform-norm,x,x,,,x,,x,,,,,,,,,,x,x,x,,x,
Academia Stack Exchange,https://academia.stackexchange.com/questions/17873/article-that-shows-the-complete-publication-history-of-acceptances-and-rejection,x,,x,,,x,,,x,x,,,,,,x,,x,,,x,x
MathOverflow,https://mathoverflow.net/questions/285686/logic-article-on-first-order-invariants-of-abelian-groups,x,,,,x,,,x,,,,,,,,,x,,,x,x,
MathOverflow,https://mathoverflow.net/questions/485220/the-problem-of-degrees-below-0-not-c-e-in-a-set-below-0,x,x,,,x,,,,,,,,,,,,x,x,,x,,
Physics Forums,https://www.physicsforums.com/threads/audio-source-moving-supersonic-speed.697612/,x,,,,,x,,,,,,,,,,,,x,,x,,
Reddit / r/tipofmytongue,https://www.reddit.com/r/tipofmytongue/comments/14ykeaj,x,,,,,,x,,,,x,,,x,x,,,x,x,,x,
Reddit / r/tipofmytongue,https://www.reddit.com/r/tipofmytongue/comments/34v9xc,x,x,x,,,x,,,x,x,,,,,x,,,x,x,,,x
Reddit / r/tipofmytongue,https://www.reddit.com/r/tipofmytongue/comments/72enlt,x,,x,,x,x,x,x,x,,,,,,,,x,x,x,x,x,
Reddit / r/tipofmytongue,https://www.reddit.com/r/tipofmytongue/comments/1kv0dtr,x,x,,,,,x,x,x,,,,,,x,,x,x,x,,x,
Reddit / r/mathematics,https://www.reddit.com/r/mathematics/comments/pf3lqe,x,x,,x,,,,,,,,,,,x,,x,x,x,x,x,
ResearchGate,https://www.researchgate.net/post/T-DNA_Rearrangements_in_SALK_Arabidopsis_lines,x,,,,,,x,x,x,,x,,,x,,,x,x,,,x,
Reddit / r/academia,https://www.reddit.com/r/academia/comments/1g0nxsq,x,,x,,,x,,,,,x,x,x,x,x,,x,x,x,x,x,x
Psychology & Neuroscience SE,https://psychology.stackexchange.com/questions/621/what-is-the-study-with-the-dual-task-experiment-that-involved-a-colour-wheel-cha,x,,x,,,,,,,,x,x,x,,x,,,,x,,,
Physics Stack Exchange,https://physics.stackexchange.com/questions/827521/looking-for-a-paper-on-evaluating-integral-over-haar-ensemble,x,,x,,x,,,,,,x,x,,,,,x,x,,,x,
Academia Stack Exchange,https://academia.stackexchange.com/questions/20387/world-map-with-academic-works-graded-by-relevance,,,,,,,,,,,x,x,x,x,,,,,x,,x,
ALA / academic-library discussion,https://connect.ala.org/acrl/discussion/databases-that-work-for-systematic-reviews,x,,,,,,,,,,x,x,x,,,,,,,,x,
CS Stack Exchange,https://cs.stackexchange.com/questions/110004/list-of-major-open-problems-in-computational-complexity-and-their-likelihood,,,,,x,,,x,,,x,x,,x,,,x,x,,,x,
Quantum Computing SE,https://quantumcomputing.stackexchange.com/questions/8232/paper-concerning-distributing-quantum-computation-on-many-small-quantum-computer,x,,x,,,,,x,,,,,,,,,x,x,,,x,
Biology Stack Exchange,https://biology.stackexchange.com/questions/107381/is-there-a-term-for-fixation-or-loss-of-an-allele,,,,,x,,,,,,,,,,,,,,,x,x,x
MathOverflow,https://mathoverflow.net/questions/151692/the-mathematics-of-tavern-puzzles,x,,,,,,,,x,,,,,,x,,x,,x,,x,
MathOverflow,https://mathoverflow.net/questions/79704/is-there-a-fair-coin,x,x,x,,,,,,,,,,,,x,x,,x,,,x,
MathOverflow,https://mathoverflow.net/questions/62689/a-sea-side-town-where-every-house-can-see-the-sea,,,,,x,,,,,,,,,,x,x,,x,,,x,x
Reddit / r/psychologystudents,https://www.reddit.com/r/psychologystudents/comments/1csv3b2,x,,x,,,,,,,,,,,,,,x,x,,,x,
AI Stack Exchange,https://ai.stackexchange.com/questions/26329/what-is-the-paper-that-states-that-humans-incorrectly-trust-the-incorrect-explan,x,,,x,x,,,,,,,,,,,,,x,x,x,x,
Physics Stack Exchange,https://physics.stackexchange.com/questions/243578/how-to-teach-learn-physics-reference-request,x,,x,,,x,,,,,,,,,,,,x,,,x,
ResearchGate,https://www.researchgate.net/post/Secretion-of-Cre-recombinase,x,,,,,,,,,,,,,,x,,,x,,,x,
ResearchGate,https://www.researchgate.net/post/Is-PEGylation-used-as-a-method-to-synthesize-lipid-vesicles,x,,,,,,,,,,,,,,,,,x,,,x,
ResearchGate,https://www.researchgate.net/post/Which_filters_can_be_used_in_retroviral_transduction_with_the_Phoenix_Eco_cell_line,x,,,,,,,,x,,,,,,,,,x,,,x,
Computer Science SE,https://cs.stackexchange.com/questions/83021/cannot-find-paper-all-k-nearest-neighbors-search-in-nlogn-using-distance-ind,x,,x,,,,,,,,,,,,,,,,x,x,,
Phys-L academic mailing list,https://www.phys-l.org/archives/2017/5_2017/msg00043.html,x,,x,,,,,,,,,,,,x,,,x,,,x,
Physics Stack Exchange,https://physics.stackexchange.com/questions/824600/reference-request-physics-as-integrals-of-the-form-int-fx-egx-dx,x,x,,,,,,,,,,,,,x,,x,,x,,x,
Physics Stack Exchange,https://physics.stackexchange.com/questions/233765/bohr-on-wholeness,x,x,,,,,,x,,,,,,,,,x,x,,,,
Reddit / r/statistics,https://www.reddit.com/r/statistics/comments/j416kk,x,x,x,,,,,,x,,,,,,x,,x,x,x,,x,
Reddit / r/MachineLearning,https://www.reddit.com/r/MachineLearning/comments/ofs9i0,x,x,,,,,,,,,,,,,x,,,,,,x,
Reddit / r/asklinguistics,https://www.reddit.com/r/asklinguistics/comments/1to610z/does_this_paper_exist/,x,,,,,,,,x,,,,,,,,,x,,x,x,
Economics Stack Exchange,https://economics.stackexchange.com/questions/39217/a-special-case-of-difference-in-differences,x,,x,,x,,,,,,,,,,,,,x,,,x,
Stack Overflow,https://stackoverflow.com/questions/2923685/looking-for-early-paper-about-compiling-object-oriented-code,x,x,,,,,,,,,,,,,x,,x,x,,,x,
Stack Overflow,https://stackoverflow.com/questions/1636098/what-do-you-call-a-spidering-technique-where-spider-visits-all-links-in-the-firs,x,,x,,x,,,,,,,,,,x,,,x,,x,x,
MathOverflow,https://mathoverflow.net/questions/484712/reference-for-the-solution-of-this-optimization-problem-that-shows-up-in-linear,x,,x,x,,,,,,,,,,,,,,,,x,x,
MathOverflow,https://mathoverflow.net/questions/457144/when-are-homologous-embedded-surfaces-in-3-manifolds-related-by-embedded-cobordi,x,x,,,,,,,x,,,,,,,,,x,,x,x,
MathOverflow,https://mathoverflow.net/questions/408737/permutations-of-a-group-that-are-eventually-left-translations,x,,,,,,x,,x,,,,,,x,,,x,x,,x,
MathOverflow,https://mathoverflow.net/questions/218210/computations-in-modular-cohomology-of-finite-groups,x,,x,,,,,,,,,,,,,,,x,,x,x,
MathOverflow,https://mathoverflow.net/questions/304198/approximation-property-counterexamples-also-relation-to-tensor-products,x,,,,,,,,x,,,,,,x,,,x,,,x,
AI Stack Exchange,https://ai.stackexchange.com/questions/2482/neural-networks-unmatched-on-mnist,x,x,,,,,,,,x,,,,,,,,,,,x,
MathOverflow,https://mathoverflow.net/questions/380499/reference-requestion-theorem-guaranteeing-self-embeddings-of-expansions-of-ma,x,x,,,,,x,,,,,,,,,,x,x,,,,
MathOverflow,https://mathoverflow.net/questions/236979/about-eigen-functions-of-the-gaussian-kernel,x,x,,,,,,,x,,,,,,,,,x,,,x,
MathOverflow,https://mathoverflow.net/questions/470853/action-of-complex-conjugation-on-etale-cohomology,x,x,,,,,,,x,,,,,,,,,,,,x,
Mathematics Stack Exchange,https://math.stackexchange.com/questions/4405910/bijection-h0-1-rightarrow-0-1-mathbbn,x,,x,,,,,,,,,,,,,,x,x,,x,,
Mathematics Stack Exchange,https://math.stackexchange.com/questions/2175880/what-is-lim-t-to-0-frac-iat-1t-is-it-the-spectral-abscissa,x,,x,,,,,x,,,,,,,,,x,x,,,x,
Mathematics Stack Exchange,https://math.stackexchange.com/questions/4309587/the-support-of-a-fourier-transform-of-a-function-in-the-positive-real-axis,x,x,,,,,,,,,,,,,,,,x,,,x,
Mathematics Stack Exchange,https://math.stackexchange.com/questions/2834823/classical-logic-is-the-strongest-consistent-logical-system,x,x,,,x,,,,,,,,,,,,,x,x,,x,
Mathematics Stack Exchange,https://math.stackexchange.com/questions/561899/question-about-the-relation-between-the-skorohod-norm-and-the-uniform-norm,x,x,,,,,,,,,,,,,,,,x,x,,x,
Academia Stack Exchange,https://academia.stackexchange.com/questions/17873/article-that-shows-the-complete-publication-history-of-acceptances-and-rejection,x,,,,,,,,x,,,,,,,,,x,,,x,
MathOverflow,https://mathoverflow.net/questions/285686/logic-article-on-first-order-invariants-of-abelian-groups,x,,,,,,,,,,,,,,,,x,x,,x,x,
MathOverflow,https://mathoverflow.net/questions/485220/the-problem-of-degrees-below-0-not-c-e-in-a-set-below-0,x,,,,,,,,,,,,,,,,x,x,,,x,
Physics Forums,https://www.physicsforums.com/threads/audio-source-moving-supersonic-speed.697612/,x,,x,,,,,,,,,,,,,,,x,,,,
Reddit / r/tipofmytongue,https://www.reddit.com/r/tipofmytongue/comments/14ykeaj,x,,,,,,,,,,x,,,,x,,,,,,x,
Reddit / r/tipofmytongue,https://www.reddit.com/r/tipofmytongue/comments/34v9xc,x,,x,,,,,,x,,,,,,x,,x,,,,,
Reddit / r/tipofmytongue,https://www.reddit.com/r/tipofmytongue/comments/72enlt,x,,x,,,,,,x,,,,,,,,x,,,,x,
Reddit / r/tipofmytongue,https://www.reddit.com/r/tipofmytongue/comments/1kv0dtr,x,x,,,,,,x,x,,,,,,x,,x,x,x,,x,
Reddit / r/mathematics,https://www.reddit.com/r/mathematics/comments/pf3lqe,x,x,,,,,,,,,,,,,x,,,x,,x,x,
ResearchGate,https://www.researchgate.net/post/T-DNA_Rearrangements_in_SALK_Arabidopsis_lines,x,,,,,,,,x,,,,,,,,,x,,,x,